,Book,image,author_link,author_name,genres,description,goodreads_rating,no_ratings,no_reviews,publication_date
0,Ask The Dust,https://m.media-amazon.com/images/S/compressed.photo.goodreads.com/books/1388283697i/46227.jpg,https://www.goodreads.com/author/show/25864.John_Fante,John Fante,"['Fiction', 'Classics', 'American', 'Literature', 'Romance']","""Fante was my god."" —Charles Bukowski, in his introduction to Ask the DustArturo Bandini, a young, struggling Italian-American writer living in a seedy hotel in 1930s Los Angeles, falls hard for the elusive, mocking, unstable Camilla Lopez, a Mexican waitress. The pair embark on a strange and strained love-hate relationship, which slowly, but inexorably, descends into the realm of madness.Ask the Dust is one of the truly great, yet unsung, American novels of the twentieth century. A tough and unsentimental story with a soft and tender heart, it remains as fresh and affecting as the day it was written.",4.10,40539,3160,"January 1, 1939"
0,I Know Why The Caged Bird Sings,https://m.media-amazon.com/images/S/compressed.photo.goodreads.com/books/1327957927i/13214.jpg,https://www.goodreads.com/author/show/3503.Maya_Angelou,Maya Angelou,"['Nonfiction', 'Classics', 'Memoir', 'Biography', 'Autobiography', 'Poetry', 'Feminism']","Maya Angelou’s debut memoir is a modern American classic beloved worldwide. Her life story is told in the documentary film And Still I Rise, as seen on PBS’s American Masters.Here is a book as joyous and painful, as mysterious and memorable, as childhood itself. I Know Why the Caged Bird Sings captures the longing of lonely children, the brute insult of bigotry, and the wonder of words that can make the world right. Maya Angelou’s debut memoir is a modern American classic beloved worldwide. Sent by their mother to live with their devout, self-sufficient grandmother in a small Southern town, Maya and her brother, Bailey, endure the ache of abandonment and the prejudice of the local “powhitetrash.” At eight years old and back at her mother’s side in St. Louis, Maya is attacked by a man many times her age—and has to live with the consequences for a lifetime. Years later, in San Francisco, Maya learns that love for herself, the kindness of others, her own strong spirit, and the ideas of great authors (“I met and fell in love with William Shakespeare”) will allow her to be free instead of imprisoned. Poetic and powerful, I Know Why the Caged Bird Sings will touch hearts and change minds for as long as people read.",4.30,593315,20284,"January 1, 1969"
0,Circe,https://m.media-amazon.com/images/S/compressed.photo.goodreads.com/books/1565909496i/35959740.jpg,https://www.goodreads.com/author/show/176372.Madeline_Miller,Madeline Miller,"['Fantasy', 'Mythology', 'Fiction', 'Historical Fiction', 'Greek Mythology']","In the house of Helios, god of the sun and mightiest of the Titans, a daughter is born. But Circe is a strange child--neither powerful like her father nor viciously alluring like her mother. Turning to the world of mortals for companionship, she discovers that she does possess power: the power of witchcraft, which can transform rivals into monsters and menace the gods themselves.Threatened, Zeus banishes her to a deserted island, where she hones her occult craft, tames wild beasts, and crosses paths with many of the most famous figures in all of mythology, including the Minotaur, Daedalus and his doomed son Icarus, the murderous Medea, and, of course, wily Odysseus.But there is danger, too, for a woman who stands alone, and Circe unwittingly draws the wrath of both men and gods, ultimately finding herself pitted against one of the most terrifying and vengeful of the Olympians. To protect what she loves most, Circe must summon all her strength and choose, once and for all, whether she belongs with the gods she is born from or with the mortals she has come to love.",4.21,1419966,142660,"April 10, 2018"
0,The Beekeeper of Aleppo,https://m.media-amazon.com/images/S/compressed.photo.goodreads.com/books/1551818686i/43124137.jpg,https://www.goodreads.com/author/show/3455639.Christy_Lefteri,Christy Lefteri,"['Fiction', 'Historical Fiction', 'War', 'Contemporary', 'Middle East']","The unforgettable love story of a mother blinded by loss and her husband who insists on their survival as they undertake the Syrian refugee trail to Europe.Nuri is a beekeeper; his wife, Afra, an artist. They live a simple life, rich in family and friends, in the beautiful Syrian city of Aleppo--until the unthinkable happens. When all they care for is destroyed by war, they are forced to escape. But what Afra has seen is so terrible she has gone blind, and so they must embark on a perilous journey through Turkey and Greece towards an uncertain future in Britain. On the way, Nuri is sustained by the knowledge that waiting for them is Mustafa, his cousin and business partner, who has started an apiary and is teaching fellow refugees in Yorkshire to keep bees.As Nuri and Afra travel through a broken world, they must confront not only the pain of their own unspeakable loss, but dangers that would overwhelm the bravest of souls. Above all, they must journey to find each other again.Moving, powerful, compassionate, and beautifully written, The Beekeeper of Aleppo is a testament to the triumph of the human spirit. It is the kind of book that reminds us of the power of storytelling.",4.16,185315,16685,"May 2, 2019"
0,All That's Left In The World,https://m.media-amazon.com/images/S/compressed.photo.goodreads.com/books/1624548105i/58329296.jpg,https://www.goodreads.com/author/show/21192142.Erik_J_Brown,Erik J. Brown,"['Romance', 'LGBT', 'Young Adult', 'Queer', 'Dystopia', 'Science Fiction', 'Fiction']","What If It's Us meets They Both Die at the End in this postapocalyptic, queer YA adventure romance from debut author Erik J. Brown. Perfect for fans of Adam Silvera, Alex London, and Heartstopper by Alice Oseman.When Andrew stumbles upon Jamie's house, he's injured, starved, and has nothing left to lose. A deadly pathogen has killed off most of the world's population, including everyone both boys have ever loved. And if this new world has taught them anything, it's to be scared of what other desperate people will do . . . so why does it seem so easy for them to trust each other?After danger breaches their shelter, they flee south in search of civilization. But something isn't adding up about Andrew's story, and it could cost them everything. And Jamie has a secret, too. He's starting to feel something more than friendship for Andrew, adding another layer of fear and confusion to an already tumultuous journey.The road ahead of them is long, and to survive, they'll have to shed their secrets, face the consequences of their actions, and find the courage to fight for the future they desire, together. Only one thing feels certain: all that's left in their world is the undeniable pull they have toward each other.",4.21,44444,7725,"March 8, 2022"
0,Apeirogon,https://m.media-amazon.com/images/S/compressed.photo.goodreads.com/books/1628935087i/50024187.jpg,https://www.goodreads.com/author/show/14080.Colum_McCann,Colum McCann,"['Fiction', 'Historical Fiction', 'Middle East', 'Israel', 'Contemporary']","From the National Book Award–winning and bestselling author of Let the Great World Spin comes an epic novel rooted in the real-life friendship between two men united by loss. Colum McCann’s most ambitious work to date, Apeirogon—named for a shape with a countably infinite number of sides—is a tour de force concerning friendship, love, loss, and belonging. Bassam Aramin is Palestinian. Rami Elhanan is Israeli. They inhabit a world of conflict that colors every aspect of their daily lives, from the roads they are allowed to drive on, to the schools their daughters, Abir and Smadar, each attend, to the checkpoints, both physical and emotional, they must negotiate. Their worlds shift irreparably after ten-year-old Abir is killed by a rubber bullet and thirteen-year-old Smadar becomes the victim of suicide bombers. When Bassam and Rami learn of each other’s stories, they recognize the loss that connects them and they attempt to use their grief as a weapon for peace. McCann crafts Apeirogon out of a universe of fictional and nonfictional material. He crosses centuries and continents, stitching together time, art, history, nature, and politics in a tale both heartbreaking and hopeful. Musical, cinematic, muscular, delicate, and soaring, Apeirogon is a novel for our time.",4.25,27813,4299,"September 15, 2019"
0,The Offing,https://m.media-amazon.com/images/S/compressed.photo.goodreads.com/books/1557678656i/43412959.jpg,https://www.goodreads.com/author/show/6579300.Benjamin_Myers,Benjamin Myers,"['Fiction', 'Historical Fiction', 'Coming Of Age', 'Historical', 'Summer']","After all, there are only a few things truly worth fighting for: freedom, of course, and all that it brings with it. Poetry, perhaps, and a good glass of wine. A nice meal. Nature. Love, if you're lucky. One summer following the Second World War, Robert Appleyard sets out on foot from his Durham village. Sixteen and the son of a coal miner, he makes his way across the northern countryside until he reaches the former smuggling village of Robin Hood’s Bay. There he meets Dulcie, an eccentric, worldly, older woman who lives in a ramshackle cottage facing out to sea.Staying with Dulcie, Robert’s life opens into one of rich food, sea-swimming, sunburn and poetry. The two come from different worlds, yet as the summer months pass, they form an unlikely friendship that will profoundly alter their futures.From the Walter Scott Prize-winning author of The Gallows Pole comes a powerful new novel about an unlikely friendship between a young man and an older woman, set in the former smuggling village of Robin Hood’s Bay in the aftermath of the Second World War.",4.23,25782,2792,"August 22, 2019"
0,The Wonderful Story of Henry Sugar and Six More,https://m.media-amazon.com/images/S/compressed.photo.goodreads.com/books/1673487545i/6671.jpg,https://www.goodreads.com/author/show/4273.Roald_Dahl,Roald Dahl,"['Short Stories', 'Fiction', 'Childrens', 'Fantasy', 'Young Adult', 'Classics', 'Middle Grade']","Seven stories of fantasy and fun by the fantastic Roald Dahl.Henry Sugar is a man with an amazing talent: he can see with his eyes closed. But will he use his power for good or personal gain? Find out in ""The Wonderful Story of Henry Sugar,"" one of seven short stories in this extraordinary collection.A clever mix of fact and fiction, this volume also includes the tale of a boy who can understand animals, the magical true story of Mildenhall treasure, and Roald Dahl's own account of how he became a writer (with a wealth of tips for aspiring authors).Included in this volume:- The Boy Who Talked With Animals - in which a stranded sea turtle and a small boy have more in common than meets the eye.- The Hitchhiker - proves that in a pinch a professional pickpocket can be the perfect pal.- The Mildenhall Treasure - a true tale of fortune found and an opportunity lost.- The Swan - a fantastic story about youthful misdeeds.- The Wonderful Story of Henry Sugar - in which a modern-day Robin Hood brings joy to the hearts of orphans - and fear to the souls of casino owners around the world.- Lucky Break: How I Became a Writer - an account in Dahl's own words on how he came to be.- A Piece of Cake: First Story - 1942 - Dahl's first story, which tells of how he was shot down over the Libyan Desert.",4.12,25698,1756,"September 12, 1977"
0,Crying in H Mart,https://m.media-amazon.com/images/S/compressed.photo.goodreads.com/books/1601937850i/54814676.jpg,https://www.goodreads.com/author/show/18916582.Michelle_Zauner,Michelle Zauner,"['Memoir', 'Nonfiction', 'Biography', 'Food', 'Biography Memoir']","The New York Times bestseller from the Grammy-nominated indie rockstar Japanese Breakfast, an unflinching, deeply moving memoir about growing up mixed-race, Korean food, losing her Korean mother, and forging her own identity in the wake of her loss.In this exquisite story of family, food, grief, and endurance, Michelle Zauner proves herself far more than a dazzling singer, songwriter, and guitarist. With humour and heart, she tells of growing up the only Asian-American kid at her school in Eugene, Oregon; of struggling with her mother’s particular, high expectations of her; of a painful adolescence; of treasured months spent in her grandmother’s tiny apartment in Seoul, where she and her mother would bond, late at night, over heaping plates of food. As she grew up, moving to the east coast for college, finding work in the restaurant industry, performing gigs with her fledgling band – and meeting the man who would become her husband – her Koreanness began to feel ever more distant, even as she found the life she wanted to live.It was her mother’s diagnosis of terminal pancreatic cancer, when Michelle was twenty-five, that forced a reckoning with her identity and brought her to reclaim the gifts of taste, language, and history her mother had given her.Vivacious, lyrical and honest, Michelle Zauner’s voice is as radiantly alive on the page as it is onstage. Rich with intimate anecdotes that will resonate widely, Crying in H Mart is a book to cherish, share, and reread.",4.22,633431,75908,"April 20, 2021"
0,A Passage To India,https://m.media-amazon.com/images/S/compressed.photo.goodreads.com/books/1421883612i/45195.jpg,https://www.goodreads.com/author/show/86404.E_M_Forster,E.M. Forster,"['Classics', 'Fiction', 'India', 'Historical Fiction', 'Literature', 'British Literature']","When Adela Quested and her elderly companion Mrs Moore arrive in the Indian town of Chandrapore, they quickly feel trapped by its insular and prejudiced 'Anglo-Indian' community. Determined to escape the parochial English enclave and explore the 'real India', they seek the guidance of the charming and mercurial Dr Aziz, a cultivated Indian Muslim. But a mysterious incident occurs while they are exploring the Marabar caves with Aziz, and the well-respected doctor soon finds himself at the centre of a scandal that rouses violent passions among both the British and their Indian subjects. A masterful portrait of a society in the grip of imperialism, A Passage to India compellingly depicts the fate of individuals caught between the great political and cultural conflicts of the modern world. In his introduction, Pankaj Mishra outlines Forster's complex engagement with Indian society and culture. This edition reproduces the Abinger text and notes, and also includes four of Forster's essays on India, a chronology and further reading.",3.68,87207,4992,"January 1, 1924"
0,The Dice Man,https://m.media-amazon.com/images/S/compressed.photo.goodreads.com/books/1348073555i/70912.jpg,https://www.goodreads.com/author/show/40098.Luke_Rhinehart,Luke Rhinehart,"['Fiction', 'Psychology', 'Thriller', 'Classics', 'Contemporary', 'Philosophy']","The cult classic that can still change your life...Let the dice decide! This is the philosophy that changes the life of bored psychiatrist Luke Rhinehart - and in some ways changes the world as well. Because once you hand over your life to the dice, anything can happen. Entertaining, humorous, scary, shocking, subversive, The Dice Man is one of the cult bestsellers of our time.",3.54,22678,1521,"January 1, 1971"
0,Great Circle,https://m.media-amazon.com/images/S/compressed.photo.goodreads.com/books/1603740174i/54976986.jpg,https://www.goodreads.com/author/show/5230385.Maggie_Shipstead,Maggie Shipstead,"['Historical Fiction', 'Fiction', 'Historical', 'Adventure']","An alternate cover edition for ISBN 9780525656975 can be found here. Spanning Prohibition-era Montana, the Pacific Northwest, Alaska, New Zealand, wartime London, and modern-day Los Angeles, Great Circle tells the unforgettable story of a daredevil female aviator determined to chart her own course in life, at any cost.After being rescued as infants from a sinking ocean liner in 1914, Marian and Jamie Graves are raised by their dissolute uncle in Missoula, Montana. There—after encountering a pair of barnstorming pilots passing through town in beat-up biplanes—Marian commences her lifelong love affair with flight. At fourteen she drops out of school and finds an unexpected and dangerous patron in a wealthy bootlegger who provides a plane and subsidizes her lessons, an arrangement that will haunt her for the rest of her life, even as it allows her to fulfill her destiny: circumnavigating the globe by flying over the North and South Poles.A century later, Hadley Baxter is cast to play Marian in a film that centers on Marian's disappearance in Antarctica. Vibrant, canny, disgusted with the claustrophobia of Hollywood, Hadley is eager to redefine herself after a romantic film franchise has imprisoned her in the grip of cult celebrity. Her immersion into the character of Marian unfolds, thrillingly, alongside Marian's own story, as the two women's fates—and their hunger for self-determination in vastly different geographies and times—collide. Epic and emotional, meticulously researched and gloriously told, Great Circle is a monumental work of art, and a tremendous leap forward for the prodigiously gifted Maggie Shipstead.",4.08,85742,10470,"May 4, 2021"
0,A Visit From The Goon Squad,https://m.media-amazon.com/images/S/compressed.photo.goodreads.com/books/1356844046i/7331435.jpg,https://www.goodreads.com/author/show/49625.Jennifer_Egan,Jennifer Egan,"['Fiction', 'Contemporary', 'Music', 'Short Stories']","Jennifer Egan’s spellbinding interlocking narratives circle the lives of Bennie Salazar, an aging former punk rocker and record executive, and Sasha, the passionate, troubled young woman he employs. Although Bennie and Sasha never discover each other’s pasts, the reader does, in intimate detail, along with the secret lives of a host of other characters whose paths intersect with theirs, over many years, in locales as varied as New York, San Francisco, Naples, and Kenya.We first meet Sasha in her mid-thirties, on her therapist’s couch in New York City, confronting her long-standing compulsion to steal. Later, we learn the genesis of her turmoil when we see her as the child of a violent marriage, then as a runaway living in Naples, then as a college student trying to avert the suicidal impulses of her best friend. We plunge into the hidden yearnings and disappointments of her uncle, an art historian stuck in a dead marriage, who travels to Naples to extract Sasha from the city’s demimonde and experiences an epiphany of his own while staring at a sculpture of Orpheus and Eurydice in the Museo Nazionale. We meet Bennie Salazar at the melancholy nadir of his adult life—divorced, struggling to connect with his nine-year-old son, listening to a washed-up band in the basement of a suburban house—and then revisit him in 1979, at the height of his youth, shy and tender, reveling in San Francisco’s punk scene as he discovers his ardor for rock and roll and his gift for spotting talent. We learn what became of his high school gang—who thrived and who faltered—and we encounter Lou Kline, Bennie’s catastrophically careless mentor, along with the lovers and children left behind in the wake of Lou’s far-flung sexual conquests and meteoric rise and fall. A Visit from the Goon Squad is a book about the interplay of time and music, about survival, about the stirrings and transformations set inexorably in motion by even the most passing conjunction of our fates. In a breathtaking array of styles and tones ranging from tragedy to satire to PowerPoint, Egan captures the undertow of self-destruction that we all must either master or succumb to; the basic human hunger for redemption; and the universal tendency to reach for both—and escape the merciless progress of time—in the transporting realms of art and music. Sly, startling, exhilarating work from one of our boldest writers.",3.70,254179,26013,"June 8, 2010"
0,The Battle of Ink and Ice,https://m.media-amazon.com/images/S/compressed.photo.goodreads.com/books/1685350302i/63249706.jpg,https://www.goodreads.com/author/show/21620946.Darrell_Hartman,Darrell Hartman,"['Nonfiction', 'History', 'Adventure', 'Travel', 'Biography', 'Historical']","""Absolutely gripping… a perfectly splendid read—I highly, highly recommend it” -- Douglas Preston, author of the #1 New York Times bestseller The Lost City of the Monkey GodA sixty-year saga of frostbite and fake news that follows the no-holds-barred battle between two legendary explorers to reach the North Pole, and the newspapers which stopped at nothing to get–and sell–the story.In the fall of 1909, a pair of bitter contests captured the world’s attention. The American explorers Robert Peary and Frederick Cook both claimed to have discovered the North Pole, sparking a vicious feud that was unprecedented in international scientific and geographic circles. At the same time, the rivalry between two powerful New York City newspapers—the storied Herald and the ascendant Times —fanned the flames of the so-called polar controversy, as each paper financially and reputationally committed itself to an opposing explorer and fought desperately to defend him.The Herald was owned and edited by James Gordon Bennett, Jr., an eccentric playboy whose nose for news was matched only by his appetite for debauchery and champagne. The Times was published by Adolph Ochs, son of Jewish immigrants, who’d improbably rescued the paper from extinction and turned it into an emerging powerhouse. The battle between Cook and Peary would have enormous consequences for both newspapers, and help to determine the future of corporate media. BATTLE OF INK AND ICE presents a frank portrayal of Arctic explorers, brave men who both inspired and deceived the public. It also sketches a vivid portrait of the newspapers that funded, promoted, narrated, and often distorted their exploits. It recounts a sixty-year saga of frostbite and fake news, one that culminates with an unjustly overlooked chapter in the origin story of the modern New York Times.By turns tragic and absurd, BATTLE OF INK AND ICE brims with contemporary relevance, touching as it does on themes of class, celebrity, the ever-quickening news cycle, and the benefits and pitfalls of an increasingly interconnected world. Above all, perhaps, its cast of characters testifies—colorfully and compellingly—to the ongoing role of personality and publicity in American cultural life as the Gilded Age gave way to the twentieth century—the American century.",3.79,1307,161,"June 6, 2023"
0,The Nicander Chronicles,https://m.media-amazon.com/images/S/compressed.photo.goodreads.com/books/1694956965i/178621244.jpg,https://www.goodreads.com/author/show/137664.Tom_Jackson,Tom Jackson,,"THE NICANDER OF PAST AND PRESENTWhen Ari Nicander, a man of mixed morals and extraordinary abilities, is unexpectedly reunited with his childhood friend Fliss, their encounter sparks a chain of events that thrusts Ari back into a world he thought he had long abandoned.Drawn into a high-stakes quest, they embark on a perilous journey in search of an ancient treasure that may be nothing more than a myth.Little do they know, the enigmatic corporation known as Ocean Pearl, an entity that holds an iron grip on the global market of archaeological exploits, has caught wind of Ari and Fliss's potential discovery. With relentless determination, they dispatch a ruthless operative, James Prince, to pursue the unsuspecting duo.Prince, driven by an insatiable hunger for fortune, notoriety, and, above all, treasure, shadows Ari and Fliss with unwavering resolve, determined to claim the prize… no matter the cost.As the chase intensifies, Ari and Fliss must navigate treacherous landscapes, decipher cryptic clues, and confront their own inner demons. Betrayal lurks in the shadows, testing their trust and resilience. The line between friend and foe blurs, leaving them to question who they can truly rely on.In a heart-pounding race against time, Ari and Fliss find themselves entangled in a web of intrigue, where ancient secrets intertwine with modern greed. Their choices will shape not only their own destinies but also the fate of the world they thought they knew.Driven by relentless suspense, this riveting adventure will keep you on the edge of your seat until the final revelation. Brace yourself for a rollercoaster ride of danger, deception, and the undeniable allure of buried treasure.",4.33,3,0,
0,Conclave,https://m.media-amazon.com/images/S/compressed.photo.goodreads.com/books/1456938720i/29397486.jpg,https://www.goodreads.com/author/show/575.Robert_Harris,Robert   Harris,"['Fiction', 'Thriller', 'Historical Fiction', 'Mystery', 'Religion']","The Pope is dead. Behind the locked doors of the Sistine Chapel, one hundred and eighteen cardinals from all over the globe will cast their votes in the world’s most secretive election. They are holy men. But they have ambition. And they have rivals. Over the next seventy-two hours one of them will become the most powerful spiritual figure on earth.",4.12,82800,9919,"September 22, 2016"
0,Around the World in 80 Trains,https://m.media-amazon.com/images/S/compressed.photo.goodreads.com/books/1548107685i/40122009.jpg,https://www.goodreads.com/author/show/6473444.Monisha_Rajesh,Monisha Rajesh,"['Travel', 'Nonfiction', 'Memoir', 'Trains', 'Adventure']","When Monisha Rajesh announced plans to circumnavigate the globe in eighty train journeys, she was met with wide-eyed disbelief. But it wasn't long before she was carefully plotting a route that would cover 45,000 miles - almost twice the circumference of the earth - coasting along the world's most remarkable railways; from the cloud-skimming heights of Tibet's Qinghai railway to silk-sheeted splendour on the Venice Simplon-Orient-Express.Packing up her rucksack - and her fianc�, Jem - Monisha embarks on an unforgettable adventure that will take her from London's St Pancras station to the vast expanses of Russia and Mongolia, North Korea, Canada, Kazakhstan, and beyond. The ensuing journey is one of constant movement and mayhem, as the pair strike up friendships and swap stories with the hilarious, irksome and ultimately endearing travellers they meet on board, all while taking in some of the earth's most breathtaking views.From the author of Around India in 80 Trains comes another witty and irreverent look at the world and a celebration of the glory of train travel. Monisha offers a wonderfully vivid account of life, history and culture in a book that will make you laugh out loud - and reflect on what it means to be a global citizen - as you whirl around the world in its pages.",3.78,6158,752,"January 24, 2019"
0,Minna Needs Rehearsal Space,https://m.media-amazon.com/images/S/compressed.photo.goodreads.com/books/1505427452i/36241497.jpg,https://www.goodreads.com/author/show/4519609.Dorthe_Nors,Dorthe Nors,"['Fiction', 'Danish', 'Scandinavian Literature', 'Novella', 'Denmark']"," A moving novella unlike any other by the Man Booker International Prize shortlisted author Minna is feeling desperate.Lars has just dumped her by text message. Her friends are constantly flaunting their lovers, children and dogs on Facebook. And her neurotic sister is everywhere she turns.Minna wants a place in Copenhagen to practise her music. Minna wants a child. But what Minna really needs is to get away from it all.So, with only Ingmar Bergman for company, she decides to take a trip to the coast.And there is more on the horizon than she might imagine.Dorthe Nors was born in 1970 and studied literature at the University of Aarhus. She is one of the most original voices in contemporary Danish literature. Her short stories have appeared in numerous international periodicals including The Boston Review and Harpers, and she is the first Danish writer ever to have a story published in the New Yorker. Nors has published four novels so far, including Mirror, Shoulder, Signal - shortlisted for the Man Booker International Prize - and a collection of stories Karate Chop, also published by Pushkin Press. Karate Chop won the prestigious P. O. Enquist Literary Prize in 2014. She lives in rural Jutland, Denmark.",3.48,272,36,"March 1, 2013"
0,North Woods,https://m.media-amazon.com/images/S/compressed.photo.goodreads.com/books/1684816182i/71872930.jpg,https://www.goodreads.com/author/show/31095.Daniel_Mason,Daniel       Mason,"['Fiction', 'Historical Fiction', 'Nature', 'Historical']","A sweeping novel about a single house in the woods of New England, told through the lives of those who inhabit it across the centuries—a daring, moving tale of memory and fate from the Pulitzer Prize finalist and author of The Piano Tuner and The Winter Soldier.When a pair of young lovers abscond from a Puritan colony, little do they know that their humble cabin in the woods will become home to an extraordinary succession of inhabitants . An English soldier, destined for glory, abandons the battlefields of the New World to devote himself to apples. A pair of spinster twins survive war and famine, only to succumb to envy and desire. A crime reporter unearths a mass grave, but finds the ancient trees refuse to give up their secrets. A lovelorn painter, a conman, a stalking panther, a lusty beetle; as each one confronts the mysteries of the north woods, they come to realize that the dark, raucous, beautiful past is very much alive.Traversing cycles of history, nature, and even literature, North Woods shows the myriad, magical ways in which we’re connected to our environment and to one another, across time, language and space. Written along with the seasons and divided into the twelve months of the year, it is an unforgettable novel about secrets and fates that asks the timeless how do we live on, even after we’re gone?",4.09,125921,18912,"September 19, 2023"
0,This Is How You Lose The Time War,https://m.media-amazon.com/images/S/compressed.photo.goodreads.com/books/1759084233i/43352954.jpg,https://www.goodreads.com/author/show/4175512.Amal_El_Mohtar,Amal El-Mohtar,"['Science Fiction', 'Romance', 'Fiction', 'Fantasy', 'LGBT', 'Queer', 'Time Travel']","Among the ashes of a dying world, an agent of the Commandant finds a letter. It reads: Burn before reading. Thus begins an unlikely correspondence between two rival agents hellbent on securing the best possible future for their warring factions. Now, what began as a taunt, a battlefield boast, grows into something more. Something epic. Something romantic. Something that could change the past and the future.Except the discovery of their bond would mean death for each of them. There's still a war going on, after all. And someone has to win that war.",3.82,363755,73356,"July 16, 2019"
0,The House of Doors,https://m.media-amazon.com/images/S/compressed.photo.goodreads.com/books/1698331937i/65215270.jpg,https://www.goodreads.com/author/show/13847588.Tan_Twan_Eng,Tan Twan Eng,"['Historical Fiction', 'Fiction', 'Historical', 'Asia', 'LGBT']","A spellbinding novel about love and betrayal, colonialism and revolution, storytelling and redemption. The year is 1921. Lesley Hamlyn and her husband, Robert, a lawyer and war veteran, are living at Cassowary House on the Straits Settlement of Penang. When “Willie” Somerset Maugham, a famed writer and old friend of Robert's, arrives for an extended visit with his secretary Gerald, the pair threatens a rift that could alter more lives than one. Maugham, one of the great novelists of his day, is beleaguered: Having long hidden his homosexuality, his unhappy and expensive marriage of convenience becomes unbearable after he loses his savings-and the freedom to travel with Gerald. His career deflating, his health failing, Maugham arrives at Cassowary House in desperate need of a subject for his next book. Lesley, too, is enduring a marriage more duplicitous than it first appears. Maugham suspects an affair, and, learning of Lesley's past connection to the Chinese revolutionary, Dr. Sun Yat Sen, decides to probe deeper. But as their friendship grows and Lesley confides in him about life in the Straits, Maugham discovers a far more surprising tale than he imagined, one that involves not only war and scandal but the trial of an Englishwoman charged with murder. It is, to Maugham, a story worthy of fiction. A mesmerizingly beautiful novel based on real events, The House of Doors traces the fault lines of race, gender, sexuality, and power under empire, and dives deep into the complicated nature of love and friendship in its shadow.",4.09,24801,3004,"May 4, 2023"
0,Glorious Exploits,https://m.media-amazon.com/images/S/compressed.photo.goodreads.com/books/1691418622i/127278133.jpg,https://www.goodreads.com/author/show/16669648.Ferdia_Lennon,Ferdia  Lennon,"['Historical Fiction', 'Fiction', 'Historical', 'Mythology', 'Humor']","An utterly original celebration of that which binds humanity across battle lines and history.On the island of Sicily amid the Peloponnesian War, the Syracusans have figured out what to do with the surviving Athenians who had the gall to invade their city: they’ve herded the sorry prisoners of war into a rock quarry and left them to rot. Looking for a way to pass the time, Lampo and Gelon, two unemployed potters with a soft spot for poetry and drink, head down into the quarry to feed the Athenians if, and only if, they can manage a few choice lines from their great playwright Euripides. Before long, the two mates hatch a plan to direct a full-blown production of Medea. After all, you can hate the people but love their art. But as opening night approaches, what started as a lark quickly sets in motion a series of extraordinary events, and our wayward heroes begin to realize that staging a play can be as dangerous as fighting a war, with all sorts of risks to life, limb, and friendship.Told in a contemporary Irish voice and as riotously funny as it is deeply moving, Glorious Exploits is an unforgettable ode to the power of art in a time of war, brotherhood in a time of enmity, and human will throughout the ages.",4.13,25933,4553,"January 18, 2024"
0,Demon Copperhead,https://m.media-amazon.com/images/S/compressed.photo.goodreads.com/books/1660050779i/60194162.jpg,https://www.goodreads.com/author/show/3541.Barbara_Kingsolver,Barbara Kingsolver,"['Fiction', 'Historical Fiction', 'Contemporary', 'Coming Of Age']","""Anyone will tell you the born of this world are marked from the get-out, win or lose."" Set in the mountains of southern Appalachia, this is the story of a boy born to a teenaged single mother in a single-wide trailer, with no assets beyond his dead father's good looks and copper-colored hair, a caustic wit, and a fierce talent for survival. In a plot that never pauses for breath, relayed in his own unsparing voice, he braves the modern perils of foster care, child labor, derelict schools, athletic success, addiction, disastrous loves, and crushing losses. Through all of it, he reckons with his own invisibility in a popular culture where even the superheroes have abandoned rural people in favor of cities. Many generations ago, Charles Dickens wrote David Copperfield from his experience as a survivor of institutional poverty and its damages to children in his society. Those problems have yet to be solved in ours. Dickens is not a prerequisite for readers of this novel, but he provided its inspiration. In transposing a Victorian epic novel to the contemporary American South, Barbara Kingsolver enlists Dickens' anger and compassion, and above all, his faith in the transformative powers of a good story. Demon Copperhead speaks for a new generation of lost boys, and all those born into beautiful, cursed places they can't imagine leaving behind.",4.46,870076,91698,"October 18, 2022"
0,Babel,https://m.media-amazon.com/images/S/compressed.photo.goodreads.com/books/1677361825i/57945316.jpg,https://www.goodreads.com/author/show/16820001.R_F_Kuang,R.F. Kuang,"['Fantasy', 'Historical Fiction', 'Dark Academia', 'Fiction', 'Historical']","From award-winning author R. F. Kuang comes Babel, a historical fantasy epic that grapples with student revolutions, colonial resistance, and the use of language and translation as the dominating tool of the British EmpireTraduttore, traditore: An act of translation is always an act of betrayal.1828. Robin Swift, orphaned by cholera in Canton, is brought to London by the mysterious Professor Lovell. There, he trains for years in Latin, Ancient Greek, and Chinese, all in preparation for the day he’ll enroll in Oxford University’s prestigious Royal Institute of Translation—also known as Babel. The tower and its students are the world's center for translation and, more importantly, magic. Silver-working—the art of manifesting the meaning lost in translation using enchanted silver bars—has made the British unparalleled in power, as the arcane craft serves the Empire's quest for colonization.For Robin, Oxford is a utopia dedicated to the pursuit of knowledge. But knowledge obeys power, and as a Chinese boy raised in Britain, Robin realizes serving Babel means betraying his motherland. As his studies progress, Robin finds himself caught between Babel and the shadowy Hermes Society, an organization dedicated to stopping imperial expansion. When Britain pursues an unjust war with China over silver and opium, Robin must decide . . .Can powerful institutions be changed from within, or does revolution always require violence?",4.13,522498,98380,"August 23, 2022"
0,The Accidental Soldier,https://m.media-amazon.com/images/S/compressed.photo.goodreads.com/books/1718921933i/210404374.jpg,https://www.goodreads.com/author/show/49125934.Owain_Mulligan,Owain Mulligan,"['Nonfiction', 'History', 'Biography', 'Memoir', 'Military Fiction', 'Middle East']","Owain Mulligan was never what you'd call a career soldier. Nor even a particularly good one. At weekends he trained with the Territorial Army and dreamt of swapping the mayhem of teaching in a tough school for the adventure of service in Iraq. At least they'd let him wear a helmet in Iraq.But when the job in headquarters he's been expecting doesn't materialise, he finds himself on the streets of Basra during one of the most violent periods of the conflict. Between homicidal militias, a chain of command who seem determined to get him killed, and equipment which might well do it for them, he and his men have their work cut out. It certainly puts double geography with 9E into perspective.The Accidental Soldier is a searingly honest and darkly funny account of what it was really like being in the British Army in Iraq (including all the bits they probably hoped you'd never find out). We share all the hardships, fears, and occasional lunacy of military life as Owain and his men try to navigate a war gone badly wrong. One thing's for sure; you'll never look at the phrase 'military precision' in quite the same way again...",4.39,1145,83,"April 1, 2025"
0,Shuggie Bain,https://m.media-amazon.com/images/S/compressed.photo.goodreads.com/books/1602094778i/52741293.jpg,https://www.goodreads.com/author/show/19629033.Douglas_Stuart,Douglas   Stuart,"['Fiction', 'Historical Fiction', 'Scotland', 'LGBT']","Shuggie Bain is the unforgettable story of young Hugh ""Shuggie"" Bain, a sweet and lonely boy who spends his 1980s childhood in run-down public housing in Glasgow, Scotland. Thatcher's policies have put husbands and sons out of work, and the city's notorious drugs epidemic is waiting in the wings. Shuggie's mother Agnes walks a wayward path: she is Shuggie's guiding light but a burden for him and his siblings. She dreams of a house with its own front door while she flicks through the pages of the Freemans catalogue, ordering a little happiness on credit, anything to brighten up her grey life. Married to a philandering taxi-driver husband, Agnes keeps her pride by looking good--her beehive, make-up, and pearly-white false teeth offer a glamourous image of a Glaswegian Elizabeth Taylor. But under the surface, Agnes finds increasing solace in drink, and she drains away the lion's share of each week's benefits--all the family has to live on--on cans of extra-strong lager hidden in handbags and poured into tea mugs. Agnes's older children find their own ways to get a safe distance from their mother, abandoning Shuggie to care for her as she swings between alcoholic binges and sobriety. Shuggie is meanwhile struggling to somehow become the normal boy he desperately longs to be, but everyone has realized that he is ""no right,"" a boy with a secret that all but him can see. Agnes is supportive of her son, but her addiction has the power to eclipse everyone close to her--even her beloved Shuggie.A heartbreaking story of addiction, sexuality, and love, Shuggie Bain is an epic portrayal of a working-class family that is rarely seen in fiction. Recalling the work of Edouard Louis, Alan Hollinghurst, Frank McCourt, and Hanya Yanagihara, it is a blistering debut by a brilliant novelist who has a powerful and important story to tell.",4.30,200757,22514,"February 11, 2020"
0,Persepolis,https://m.media-amazon.com/images/S/compressed.photo.goodreads.com/books/1425871473i/9516.jpg,https://www.goodreads.com/author/show/6238.Marjane_Satrapi,Marjane Satrapi,"['Graphic Novels', 'Nonfiction', 'Memoir', 'Comics', 'History', 'Biography', 'School']","In powerful black-and-white comic strip images, Satrapi tells the story of her life in Tehran from ages six to fourteen, years that saw the overthrow of the Shah’s regime, the triumph of the Islamic Revolution, and the devastating effects of war with Iraq. The intelligent and outspoken only child of committed Marxists and the great-granddaughter of one of Iran’s last emperors, Marjane bears witness to a childhood uniquely entwined with the history of her country.Persepolis paints an unforgettable portrait of daily life in Iran and of the bewildering contradictions between home life and public life. Marjane’s child’s-eye view of dethroned emperors, state-sanctioned whippings, and heroes of the revolution allows us to learn as she does the history of this fascinating country and of her own extraordinary family. Intensely personal, profoundly political, and wholly original, Persepolis is at once a story of growing up and a reminder of the human cost of war and political repression. It shows how we carry on, with laughter and tears, in the face of absurdity. And, finally, it introduces us to an irresistible little girl with whom we cannot help but fall in love.",4.27,237711,14412,"December 1, 2003"
0,The Shipping News,https://m.media-amazon.com/images/S/compressed.photo.goodreads.com/books/1554192241i/7354.jpg,https://www.goodreads.com/author/show/1262010.Annie_Proulx,Annie Proulx,"['Fiction', 'Canada', 'Contemporary', 'Literature', 'Classics']","At thirty-six, Quoyle, a third-rate newspaperman, is wrenched violently out of his workaday life when his two-timing wife meets her just deserts. He retreats with his two daughters to his ancestral home on the starkly beautiful Newfoundland coast, where a rich cast of local characters all play a part in Quoyle's struggle to reclaim his life. As three generations of his family cobble up new lives, Quoyle confronts his private demons--and the unpredictable forces of nature and society--and begins to see the possibility of love without pain or misery.A vigorous, darkly comic, and at times magical portrait of the contemporary American family, The Shipping News shows why E. Annie Proulx is recognized as one of the most gifted and original writers in America today.(back cover)",3.88,154290,6991,"January 1, 1993"
0,Strange Pictures,https://m.media-amazon.com/images/S/compressed.photo.goodreads.com/books/1728787087i/216670080.jpg,https://www.goodreads.com/author/show/22929893.Uketsu,Uketsu,"['Horror', 'Mystery', 'Fiction', 'Thriller', 'Japan', 'Mystery Thriller', 'Crime']","The spine-tingling bestseller that has taken Japan by storm—an eerie fresh take on horror for fans of Hidden Pictures and Junji Ito, in which a series of seemingly innocent pictures draws you into a disturbing web of unsolved mysteries and shattered psyches.An exploration of the macabre, where the seemingly mundane takes on a terrifying significance. . . .A pregnant woman's sketches on a seemingly innocuous blog conceal a chilling warning.A child's picture of his home contains a dark secret message.A sketch made by a murder victim in his final moments leads an amateur sleuth down a rabbithole that will reveal a horrifying reality.Structured around these nine childlike drawings, each holding a disturbing clue, Uketsu invites readers to piece together the mystery behind each and the over-arching backstory that connects them all. Strange Pictures is the internationally bestselling debut from mystery horror YouTube sensation Uketsu—an enigmatic masked figure who has become one of Japan's most talked about contemporary authors.",3.92,112685,19710,"October 20, 2022"
0,The Museum of Modern Love,https://m.media-amazon.com/images/S/compressed.photo.goodreads.com/books/1473636300i/30741918.jpg,https://www.goodreads.com/author/show/360124.Heather_Rose,Heather     Rose,"['Fiction', 'Art', 'Contemporary', 'Australia']","A mesmerising literary novel about a lost man in search of connection - a meditation on love, art and commitment, set against the backdrop of one of the greatest art events in modern history, Marina Abramovic's The Artist is Present.'Art will wake you up. Art will break your heart. There will be glorious days. If you want eternity you must be fearless.' From The Museum of Modern LoveShe watched as the final hours of The Artist is Present passed by, sitter after sitter in a gaze with the woman across the table. Jane felt she had witnessed a thing of inexplicable beauty among humans who had been drawn to this art and had found the reflection of a great mystery. What are we? How should we live?If this was a dream, then he wanted to know when it would end. Maybe it would end if he went to see Lydia. But it was the one thing he was not allowed to do.Arky Levin is a film composer in New York separated from his wife, who has asked him to keep one devastating promise. One day he finds his way to The Atrium at MOMA and sees Marina Abramovic in The Artist is Present. The performance continues for seventy-five days and, as it unfolds, so does Arky. As he watches and meets other people drawn to the exhibit, he slowly starts to understand what might be missing in his life and what he must do.This dazzlingly original novel asks beguiling questions about the nature of art, life and love and finds a way to answer them.",3.90,11447,1528,"November 27, 2018"
0,Not Even The Dead,https://m.media-amazon.com/images/S/compressed.photo.goodreads.com/books/1678759189i/75573079.jpg,https://www.goodreads.com/author/show/6244760.Juan_G_mez_B_rcena,Juan Gómez Bárcena,"['Fiction', 'Historical Fiction', 'Spain', 'Literature', 'Spanish Literature', 'Magical Realism', 'Religion']","A claim of justice for the losers of history with echoes of authors as different as Joseph Conrad, Alejo Carpentier, and David Mitchell.The conquest of Mexico is over, and Juan de Toñanes is one of so many soldiers without glory who roam like beggars for the land they helped subdue. When he receives one last mission, to hunt down a renegade Indian who’s called the Father and who preaches a dangerous heresy, he understands that this may be his last chance to carve himself the future he’s always dreamed of. But as he goes deep into the unexplored lands of the north following the Father's trace, he will discover the footprints of a man who seems not only a man, but a prophet destined to transform his time and even the times to come.Not Even the Dead is the story of a persecution that transcends territories and centuries; a path pointing northward, always northward, that is to say, always toward the future, on a hallucinated journey from the sixteenth century New Spain to today's Trump wall. Old conquerors on horseback and migrants riding the roofs of the Beast, rebellious Indians and peasants waiting patiently for a better world, Mexican revolutionaries who take their rifles and women murdered in the desert of Ciudad Juárez, all pass by it. All of them share the same landscape and the same hope, the arrival of the Father who will bring justice to the oppressed.",3.67,541,89,"January 1, 2020"
0,Happiness,https://m.media-amazon.com/images/S/compressed.photo.goodreads.com/books/1500890152i/35458040.jpg,https://www.goodreads.com/author/show/63640.Aminatta_Forna,Aminatta Forna,"['Fiction', 'Contemporary', 'Africa', 'Animals', 'British Literature']","London. A fox makes its way across Waterloo Bridge. The distraction causes two pedestrians to collide--Jean, an American studying the habits of urban foxes, and Attila, a Ghanaian psychiatrist there to deliver a keynote speech. From this chance encounter, Aminatta Forna's unerring powers of observation show how in the midst of the rush of a great city lie numerous moments of connection.Attila has arrived in London with two tasks: to deliver a keynote speech on trauma, as he has done many times before; and to contact the daughter of friends, his ""niece"" who hasn't called home in a while. Ama has been swept up in an immigration crackdown, and now her young son Tano is missing.When, by chance, Attila runs into Jean again, she mobilizes the network of rubbish men she uses as volunteer fox spotters. Security guards, hotel doormen, traffic wardens--mainly West African immigrants who work the myriad streets of London--come together to help. As the search for Tano continues, a deepening friendship between Attila and Jean unfolds.Meanwhile a consulting case causes Attila to question the impact of his own ideas on trauma, the values of the society he finds himself in, and a grief of his own. In this delicate tale of love and loss, of cruelty and kindness, Forna asks us to consider the interconnectedness of lives, our co-existence with one another and all living creatures, and the true nature of happiness.",3.84,5220,859,"March 6, 2018"
0,Harlem Shuffle,https://m.media-amazon.com/images/S/compressed.photo.goodreads.com/books/1612449660i/54626223.jpg,https://www.goodreads.com/author/show/10029.Colson_Whitehead,Colson Whitehead,"['Fiction', 'Historical Fiction', 'Crime', 'Mystery']","From the two-time Pulitzer Prize-winning author of The Underground Railroad and The Nickel Boys, a gloriously entertaining novel of heists, shakedowns, and rip-offs set in Harlem in the 1960s.“Ray Carney was only slightly bent when it came to being crooked…” To his customers and neighbors on 125th street, Carney is an upstanding salesman of reasonably priced furniture, making a decent life for himself and his family. He and his wife Elizabeth are expecting their second child, and if her parents on Striver’s Row don’t approve of him or their cramped apartment across from the subway tracks, it’s still home. Few people know he descends from a line of uptown hoods and crooks, and that his façade of normalcy has more than a few cracks in it. Cracks that are getting bigger all the time. Cash is tight, especially with all those installment-plan sofas, so if his cousin Freddie occasionally drops off the odd ring or necklace, Ray doesn’t ask where it comes from. He knows a discreet jeweler downtown who doesn’t ask questions, either. Then Freddie falls in with a crew who plan to rob the Hotel Theresa—the “Waldorf of Harlem”—and volunteers Ray’s services as the fence. The heist doesn’t go as planned; they rarely do. Now Ray has a new clientele, one made up of shady cops, vicious local gangsters, two-bit pornographers, and other assorted Harlem lowlifes. Thus begins the internal tussle between Ray the striver and Ray the crook. As Ray navigates this double life, he begins to see who actually pulls the strings in Harlem. Can Ray avoid getting killed, save his cousin, and grab his share of the big score, all while maintaining his reputation as the go-to source for all your quality home furniture needs? Harlem Shuffle’s ingenious story plays out in a beautifully recreated New York City of the early 1960s. It’s a family saga masquerading as a crime novel, a hilarious morality play, a social novel about race and power, and ultimately a love letter to Harlem. But mostly, it’s a joy to read, another dazzling novel from the Pulitzer Prize and National Book Award-winning Colson Whitehead.",3.73,83444,9466,"September 14, 2021"
