Book,link
The Night Circus,https://www.goodreads.com/book/show/9361589-the-night-circus
Ask The Dust,https://www.goodreads.com/book/show/46227.Ask_the_Dust
I Know Why The Caged Bird Sings,https://www.goodreads.com/book/show/13214.I_Know_Why_the_Caged_Bird_Sings
Circe,https://www.goodreads.com/book/show/35959740-circe
The Beekeeper of Aleppo,https://www.goodreads.com/book/show/43124137-the-beekeeper-of-aleppo
All That's Left In The World,https://www.goodreads.com/book/show/58329296-all-that-s-left-in-the-world
Apeirogon,https://www.goodreads.com/book/show/50024187-apeirogon
The Offing,https://www.goodreads.com/book/show/43412959-the-offing
Happiness,https://www.goodreads.com/book/show/35458040-happiness
The Wonderful Story of Henry Sugar and Six More,https://www.goodreads.com/book/show/6671.The_Wonderful_Story_of_Henry_Sugar_and_Six_More
Crying in H Mart,https://www.goodreads.com/book/show/54814676-crying-in-h-mart
A Passage To India,https://www.goodreads.com/book/show/45195.A_Passage_to_India
The Dice Man,https://www.goodreads.com/book/show/70912.The_Dice_Man
Great Circle,https://www.goodreads.com/book/show/54976986-great-circle
A Visit From The Goon Squad,https://www.goodreads.com/book/show/7331435-a-visit-from-the-goon-squad
The Battle of Ink and Ice,https://www.goodreads.com/book/show/63249706-battle-of-ink-and-ice
The Nicander Chronicles,https://www.goodreads.com/book/show/178621244-the-nicander-chronicles
Conclave,https://www.goodreads.com/book/show/29397486-conclave
Around the World in 80 Trains,https://www.goodreads.com/book/show/40122009-around-the-world-in-80-trains
Minna Needs Rehearsal Space,https://www.goodreads.com/book/show/36241497-minna-needs-rehearsal-space
North Woods,https://www.goodreads.com/book/show/71872930-north-woods
This Is How You Lose The Time War,https://www.goodreads.com/book/show/43352954-this-is-how-you-lose-the-time-war
The House of Doors,https://www.goodreads.com/book/show/65215270-the-house-of-doors
Harlem Shuffle,https://www.goodreads.com/book/show/54626223-harlem-shuffle
Glorious Exploits,https://www.goodreads.com/book/show/127278133-glorious-exploits
Demon Copperhead,https://www.goodreads.com/book/show/60194162-demon-copperhead
Babel,https://www.goodreads.com/book/show/57945316-babel
The Accidental Soldier,https://www.goodreads.com/en/book/show/210404374-the-accidental-soldier
Shuggie Bain,https://www.goodreads.com/book/show/52741293-shuggie-bain
Persepolis,https://www.goodreads.com/book/show/9516.Persepolis
The Shipping News,https://www.goodreads.com/book/show/7354.The_Shipping_News
Strange Pictures,https://www.goodreads.com/book/show/216670080-strange-pictures
The Museum of Modern Love,https://www.goodreads.com/book/show/30741918-the-museum-of-modern-love
Not Even The Dead,https://www.goodreads.com/book/show/75573079-not-even-the-dead
